"cosa","quando"
"Cappello inverno ","11/10/25 10:41:20"
"Dentiera maggiore","7/13/25 06:40:47"
"Code reader","7/1/25 12:37:41"
"Code reader","6/26/25 15:15:46"
"Portafogli","6/26/25 09:48:52"
"Occhiali","6/26/25 04:23:24"
"Dentiera","6/8/25 03:06:11"
"Cuffie case","12/21/24 20:03:10"
"Portafogli","11/8/24 09:13:57"
"Tina","10/24/24 08:44:01"
"Occhiali","10/24/24 08:43:54"
"Finasteride ","10/21/24 11:18:56"
"Thc","10/21/24 11:18:51"
"Passaporto","9/24/24 15:56:40"
"Spazzolino","9/15/24 15:35:49"
"Cuffie ","9/15/24 15:35:40"
"Cuffie ","8/29/24 04:49:56"
"Tina","8/26/24 13:56:59"
"Spazzolino","8/26/24 13:56:54"
"Cuffia sx","8/26/24 13:56:39"
"Lubrificante ","8/11/24 01:55:44"
"Ventilatore ","7/31/24 12:49:42"
"Gas","7/30/24 01:22:05"
